Workbook

Sheet Read me
A1: Document History
A2: Name of the Artifact | B2: TCS Security QOPD Template
A3: Version | B3: 4.0
A4: Release Date | B4: 45504
A6: Revision History
A7: Date | B7: Release No. | C7: Remarks
A8: 41164 | B8: 1.0 | C8: Formal Release of the document
A9: 41362 | B9: 1.1 | C9: Examples added to the given security quality characteristics
A10: 45075 | B10: 2.0 | C10: Objective based questions for the security quality characteristics.
A11: 45126 | B11: 3.0 | C11: Modified question for password policy based on Internet and intranet criteria. Updated Bypass authentication and Sensitive Data Disclosure line items.
A12: 45181 | B12: 3.1 | C12: 1. Auto-approval for Authentication related quetsions when 'No user management module' option against 'User Registartion' is selected. 2. Updated the question for 'Access Control to code - Program source code'
A13: 45504 | B13: 4.0 | C13: Simplification of questions based on application and deployment type.
A15: © Copyright [2023], Tata Consultancy Services Limited. All Rights Reserved. Document ID CGKD009334 Unauthorized access, copying, replication, distribution, transmission, modification, adaptation or translation or use without express written permission is prohibited.
A18: Usage Guidelines
A19: • Asset details to be filled by the asset team in the Asset Info sheet. Answer the questions related to the asset in the Contextual Questions table. • Checklist sheet consists of all the line items that need to be addressed and the report sheet comprises the overall review report including the approval status. •The Applicability column in the Checklist sheet shows whether that particular line item is applicable or not; if it is 'Yes', then the asset team needs to select an appropriate Option (column F) from the drop down and if it is 'No' or if a row is grayed out it is not applicable and thus, need not be answered. •If the asset team selects the Option 'Yes' for any line item where Security Checkpoints is 'Others' or selects the Option 'No' for any line item that recommends something, they have to enter their comments mandatorily in the respective column; else the comments are optional. •Against any line item: - If the asset team wants to reset the value in the Options column, they can simply delete the content in the options column. - Auto Approval column indicates whether that particular line item is eligible for auto approval or not. Y-indicates the line item is auto-approved, N not auto-approved and NA the line item is Not Applicable - Application teams comments are mandatory for not auto-approved line items. •Reviewer should update 'Reviewer Evaluation Status' and 'Reviewer Final Comments' when by default the QOPD is not auto-approved.

Sheet Asset Info
A2: Asset TIPAR ID
A3: Asset Information
A4: Asset Name & version
A5: Application Category
A6: Application Deployment Environment Owned BY
A8: Contextual Questions
A9: Internet/Intranet facing
A10: Does the application deal with business sensitive data like financial information like payment processing, business finance data storage?
A11: Does the application deal with Personal sensitive information like Aadhar/SSN PII/PHI or Personal sensitive financial information like credit card details?

Sheet Checklist
E1: =IF(OR(COUNTBLANK('Asset Info'!B2:B6)>0,COUNTBLANK('Asset Info'!B9:B11)>0),"Please fill asset information and contextual questions in Asset Info sheet","") -> Please fill asset information and contextual questions in Asset Info sheet
A3: Authentication
A4: NFR | B4: Category | C4: Radio Options | D4: Security Checkpoints | E4: Applicability | F4: Option | G4: Remarks | H4: Application Team comments | I4: Reviewer Comments | J4: Auto Approval
A5: 1 | B5: User registration | C5: 1 | D5: Does the application provide the option of self-registration to the users? | E5: =IF(OR(OR('Asset Info'!B5="Desktop",'Asset Info'!B5="Code based library"),'Asset Info'!B5="APIs Only"),"No",IF(COUNTIF(F6:F9,"Yes")>0,"No","Yes")) -> Yes | G5: =IF(F5="Yes","Users register themselves into the application by following the password policy.","") | J5: =IF(F5<>"Yes","N","Y") -> N
C6: 2 | D6: Does the admin registers the user? | E6: =IF(OR(OR('Asset Info'!B5="Desktop",'Asset Info'!B5="Code based library"),'Asset Info'!B5="APIs Only"),"No",IF(OR(F5="Yes",COUNTIF(F7:F9,"Yes")>0),"No","Yes")) -> Yes | J6: =IF(AND(OR(F6="Yes",F8="Yes"),COUNTIF(J14:J15,"Y")>0),"Y","N") -> N
C7: 3 | D7: =IF('Asset Info'!B5="Desktop","Is it a Desktop application without user authentication?",IF('Asset Info'!B5="APIs Only","Is it a API-Based application without authentication?",IF('Asset Info'!B5="Code based library","NA","Does the application has no user registration module as it connects to customer SSO/LDAP/IDM?"))) -> Does the application has no user registration module as it connects to customer SSO/LDAP/IDM? | E7: =IF(OR(COUNTIF(F5:F6,"Yes")>0,COUNTIF(F8:F9,"Yes")>0),"No","Yes") -> Yes | G7: =IF(AND('Asset Info'!B5="Desktop",Checklist!F7="Yes"),"Application has no user registration module and is available as Desktop Application without user authentication",IF('Asset Info'!B5="Code based library","Application is a code based library and do not have any user registration module",IF(AND('Asset Info'!B5="APIs Only",Checklist!F7="Yes"),"",IF(F7="Yes","Application do not have user registration module and connect to customer LDAP/IDM/SSO to identify and authenticate the user.","")))) | J7: =IF('Asset Info'!B5="Code based library","Y",IF(AND('Asset Info'!B5="Desktop",Checklist!F7="Yes"),"Y",IF('Asset Info'!B5="APIs Only","N",IF(F7="Yes","Y","N")))) -> N
C8: 4 | D8: Does the application provide the option of self-registration to the users along with the possibility for admin to register the users? | E8: =IF(OR(OR('Asset Info'!B5="Desktop",'Asset Info'!B5="Code based library"),'Asset Info'!B5="APIs Only"),"No",IF(OR(COUNTIF(F5:F7,"Yes")>0,COUNTIF(F9,"Yes")>0),"No","Yes")) -> Yes | J8: =IF(AND(J6="Y",F8="Yes"),"Y","N") -> N
C9: 5 | D9: Others | E9: =IF(OR(OR('Asset Info'!B5="Desktop",'Asset Info'!B5="Code based library"),'Asset Info'!B5="APIs Only"),"No",IF(COUNTIF(F5:F8,"Yes")>0,"No","Yes")) -> Yes | J9: N | K9: =IF(AND($F9="Yes",ISBLANK($H9)),"Please enter your comments","")
C10: =IF(F8="Yes","4.1","2.1") -> 2.1 | D10: Is a random password generated and shared with the user through auto-mailer option when admin registers the user? | E10: =IF(OR(COUNTIF(F11:F14,"Yes")>0,AND(F6<>"Yes",F8<>"Yes")),"No","Yes") -> No
C11: =IF(F8="Yes","4.2","2.2") -> 2.2 | D11: Is a default password shared with the user with limited activation time when admin registers the user? | E11: =IF(OR(OR(COUNTIF(F10,"Yes")>0,COUNTIF(F12:F14,"Yes")>0),AND(F6<>"Yes",F8<>"Yes")),"No","Yes") -> No
C12: =IF(F8="Yes","4.3","2.3") -> 2.3 | D12: Is it a random/default password shared with user by admin when admin registers the user? | E12: =IF(OR(OR(COUNTIF(F10:F11,"Yes")>0,COUNTIF(F13:F14,"Yes")>0),AND(F6<>"Yes",F8<>"Yes")),"No","Yes") -> No
C13: =IF(F8="Yes","4.4","2.4") -> 2.4 | D13: Is an activation link shared with the users to set their own password when admin registers the user? | E13: =IF(OR(OR(COUNTIF(F10:F12,"Yes")>0,COUNTIF(F14,"Yes")>0),AND(F6<>"Yes",F8<>"Yes")),"No","Yes") -> No | G13: =IF(F13="Yes","User is registered by Admin. Activation link is shared with the user to set the password following the defined password policy.","") | J13: =IF($F13<>"Yes","N","Y") -> N
C14: =IF(F8="Yes","4.5","2.5") -> 2.5 | D14: Others | E14: =IF(OR(COUNTIF(F10:F13,"Yes")>0,AND(F6<>"Yes",F8<>"Yes")),"No","Yes") -> No | S14: User registers themselves into the application by following the defined password policy and has a functionality where the admin also registers the user Random password is generated and shared with user through auto mail Recommend to force the user to change the password on first login. | T14: User registers himself/herself into the application by following the defined password policy, and has a functionality where the admin also registers the user. Default password is shared with user with limited activation time.Recommend to mandate the user to change the password on first login.
C15: =IF(AND(F6="Yes",F12="Yes"),"2.3.1",IF(AND(F6="Yes",F10="Yes"),"2.1.1",IF(AND(F6="Yes",F11="Yes"),"2.2.1",IF(AND(F8="Yes",F12="Yes"),"4.3.1",IF(AND(F8="Yes",F10="Yes"),"4.1.1",IF(AND(F8="Yes",F11="Yes"),"4.2.1","2.1.1")))))) -> 2.1.1 | D15: Is it mandatory for the users to change their password after the first login? | E15: =IF(AND(OR(F6="Yes",F8="Yes"),COUNTIF(F10:F12,"Yes")>0),"Yes","No") -> No | G15: =IF(AND(ISBLANK(F8),ISBLANK(F6)),"",IF(AND(F8="Yes",OR(F15="No",F15="NA")),S14, IF(AND(F8="Yes",F15="Yes"),S15,IF(OR(F15="No",F15="NA"),#REF!,IF(ISBLANK(F15),"",S16))))) | J15: =IF($F15<>"Yes","N","Y") -> N | S15: User registers himself/herself into the application by following the defined password policy,and has a functionality where the admin also registers the user. Where random password is generated and shared with user through auto-mailer and the user is forced to change the password on first login. | T15: User registers himself/herself into the application by following the defined password policy, and has a functionality where the admin also registers the user. Default password is shared with user with limited activation time and the user is mandated to change the password on first login.
C16: 3.1 | D16: =IF('Asset Info'!B5="APIs Only","Is the application just used as a middle layer without API keys or authentication tokens?","Does the application provide the option of self-registration to the users?") -> Does the application provide the option of self-registration to the users? | E16: =IF(OR(F17="Yes",F18="Yes"),"No",IF(AND('Asset Info'!B5="APIs Only",F7="Yes"),"Yes",IF(AND('Asset Info'!B5="APIs Only",F7="No"),"No",IF(AND('Asset Info'!B5="Desktop",Checklist!F7="No"),"Yes","No")))) -> No | G16: =IF(AND('Asset Info'!B5="API",F16="Yes"),"API based application used as a middle layer without API keys or authentication tokens.",IF(AND('Asset Info'!B5="API",F16="No"),"",IF(F16="Yes","Application is a desktop application and allows user for self registration by following password policy",""))) | J16: =IF(AND('Asset Info'!B5="APIs Only",F16="Yes"),"Y",IF(AND('Asset Info'!B5="APIs Only",F16="No"),"N",IF(AND(E16="Yes",$F16="Yes"),"Y","N"))) -> N | S16: User is registered by Admin. Random password is generated and shared with user through auto-mailer and the user is forced to change the password on first login. | T16: User is registered by Admin. Default password is shared with user with limited activation time and the user is mandated to change the password on first login.
C17: 3.2 | D17: =IF('Asset Info'!B5="APIs Only","Is the application having API keys or authentication tokens for authenticating users or applications?","Does the admin registers the user?") -> Does the admin registers the user? | E17: =IF(OR(F16="Yes",F18="Yes"),"No",IF(OR(AND('Asset Info'!B5="Desktop",Checklist!F7="No"),AND('Asset Info'!B5="APIs Only",F7="No")),"Yes","No")) -> No | G17: =IF(AND('Asset Info'!B5="APIs Only",F17="Yes"),"API based application using API keys or authentication tokens for authenticating users or applications",IF(F17="Yes","Application is a desktop application and admin registers the user","")) | J17: =IF(AND('Asset Info'!B5="API",AND(F17="Yes",F7="No")),"Y","N") -> N
C18: 3.3 | D18: Others | E18: =IF(OR(F16="Yes",F17="Yes"),"No",IF(OR(AND('Asset Info'!B5="Desktop",Checklist!F7="No"),AND('Asset Info'!B5="APIs Only",F7="Yes")),"Yes","No")) -> No | J18: =IF(F18="Yes","N","") | K18: =IF(AND(AND($F18="Yes",ISBLANK($H18)),$F7="Yes"),"Please enter your comments","")
C19: 3.2.1 | D19: Is it mandatory for the users to change their password after the first login? | E19: =IF('Asset Info'!B5="API","No",IF(F17="Yes","Yes","No")) -> No | J19: =IF($F19<>"Yes","N","Y") -> N
C20: 3.2.2 | D20: Others | E20: =IF('Asset Info'!B5="API","No",IF(F19="Yes","No",IF(F17="Yes","Yes","No"))) -> No
A21: 2 | B21: User identification and authentication | C21: 1 | D21: Is the user identified and authenticated using the username and credentials stored in the system? | E21: =IF(OR(OR(AND('Asset Info'!B5="Desktop",F7="Yes"),'Asset Info'!B5="Code based library"),'Asset Info'!B5="APIs Only"),"No",IF(OR(F23="Yes",E22="Yes"),"No","Yes")) -> Yes | G21: =IF(F21="Yes","Application identifies and authenticates the user by using the username and credentials stored in the system","") | J21: =IF(F21="Yes","Y","N") -> N
C22: 2 | D22: NA | E22: =IF(OR(OR(AND('Asset Info'!B5="Desktop",F7="Yes"),'Asset Info'!B5="Code based library"),'Asset Info'!B5="APIs Only"),"No",IF(F7="Yes","Yes","No")) -> No | G22: =IF(AND('Asset Info'!B5="Desktop",F7="Yes"),"Application has no user registration module and is available as Desktop Application without user authentication.",IF('Asset Info'!B5="Code based library","Application is a code based library and do not have any user authentication",IF(AND('Asset Info'!B5="APIs Only",F17="Yes"),"API based application using API keys or authentication tokens for authenticating users or applications",IF(AND('Asset Info'!B5="APIs Only",F16="Yes"),"API based application used as a middle layer without API keys or authentication tokens",IF(AND('Asset Info'!B5="API",F20="Yes"),"API based application",IF(AND(F7="Yes",E22="Yes"),"Application does not have user registration module and connect to customer LDAP/IDM/SSO to identify and authenticate the user.","")))))) | J22: =IF(OR(OR(AND('Asset Info'!B5="Desktop",F7="Yes"),'Asset Info'!B5="Code based library"),'Asset Info'!B5="APIs Only"),"NA",IF(AND('Asset Info'!B5="Web/Mobile",F7="Yes"),"Y","N")) -> N
C23: 3 | D23: Others | E23: =IF(OR(OR(AND('Asset Info'!B5="Desktop",F7="Yes"),'Asset Info'!B5="Code based library"),'Asset Info'!B5="APIs Only"),"No",IF(OR(E22="Yes",F21="Yes"),"No","Yes")) -> Yes | J23: N | K23: =IF(AND($F23="Yes",ISBLANK($H23)),"Please enter your comments","")
A24: 3 | B24: User password management | C24: 1 | D24: Does the application allow the user to reset password incase user forgets the password? | E24: =IF(OR(OR(AND('Asset Info'!B5="Desktop",F7="Yes"),'Asset Info'!B5="Code based library"),'Asset Info'!B5="APIs Only"),"No",IF(OR(OR(F25="Yes",F27="Yes"),COUNTIF(E26:E26,"Yes")>0),"No","Yes")) -> Yes | J24: =IF(AND(F24="Yes",COUNTIF(J28:J30,"Y")>0),"Y","N") -> N
C25: 2 | D25: Does the application allow admin to reset the password incase user forgets the password? | E25: =IF(OR(OR(AND('Asset Info'!B5="Desktop",F7="Yes"),'Asset Info'!B5="Code based library"),'Asset Info'!B5="APIs Only"),"No",IF(OR(OR(F24="Yes",F27="Yes"),COUNTIF(E26:E26,"Yes")>0),"No","Yes")) -> Yes | J25: =IF(AND(F25="Yes",OR(J31="Y",J32="Y")),"Y","N") -> N
C26: 3 | D26: NA | E26: =IF(OR(OR(AND('Asset Info'!B5="Desktop",F7="Yes"),'Asset Info'!B5="Code based library"),'Asset Info'!B5="APIs Only"),"No",IF(F7="Yes","Yes","No")) -> No | G26: =IF(AND('Asset Info'!B5="Desktop",F7="Yes"),"Application has no user registration module and is available as Desktop Application without user authentication.",IF('Asset Info'!B5="Code based library","Application is a code based library and do not have any user authentication",IF(AND('Asset Info'!B5="APIs Only",F17="Yes"),"API based application using API keys or authentication tokens for authenticating users or applications",IF(AND('Asset Info'!B5="APIs Only",F16="Yes"),"API based application used as a middle layer without API keys or authentication tokens",IF(AND('Asset Info'!B5="API",F20="Yes"),"API based application",IF(AND(F7="Yes",E26="Yes"),"Application does not have user registration module and connect to customer LDAP/IDM/SSO to identify and authenticate the user.","")))))) | J26: =IF(OR(OR(AND('Asset Info'!B5="Desktop",F7="Yes"),'Asset Info'!B5="Code based library"),'Asset Info'!B5="APIs Only"),"NA",IF(AND('Asset Info'!B5="Web/Mobile",F7="Yes"),"Y","N")) -> N
C27: 4 | D27: Others | E27: =IF(OR(OR(AND('Asset Info'!B5="Desktop",F7="Yes"),'Asset Info'!B5="Code based library"),'Asset Info'!B5="APIs Only"),"No",IF(OR(OR(F24="Yes",F25="Yes"),COUNTIF(E26:E26,"Yes")>0),"No","Yes")) -> Yes | J27: N | K27: =IF(AND($F27="Yes",ISBLANK($H27)),"Please enter your comments","")
C28: 1.1 | D28: Is the user prompted to enter Security/Secret question and answer? | E28: =IF(F24<>"Yes","No","Yes") -> No | G28: =IF(AND(F28="Yes",'Asset Info'!B9<>"Internet"),"Forgot password option is available. User is prompted to enter Security/Secret question and answer to reset the password.","") | J28: =IF(ISBLANK(F24),"N",IF(AND('Asset Info'!B5="Desktop",F28="Yes"),"Y",IF(AND(F28="Yes",'Asset Info'!B9<>"Internet"),"Y","N"))) -> N
C29: 1.1.1 | D29: Is OTP validation implemented? | E29: =IF('Asset Info'!B5="Desktop","No",IF(AND('Asset Info'!B9="Internet",F28="Yes"),"Yes","No")) -> No | G29: =IF(F29="Yes","Application has forgot password feature. Accepts Security/Secret question and answer and OTP is also validated",IF(F29="No","Recommended to implement OTP validation for an Internet application.","")) | J29: =IF(F29="Yes","Y","N") -> N
C30: 1.1.2 | D30: Is a password reset link shared with users through mail to set their own password? | E30: =IF(F28="No","Yes","No") -> No | G30: =IF(F30="Yes","Forgot password option is available. An email is send to the user with a password reset link to set the password.",IF(F30="No","Recommend to either provide option for security/secret question and answer or share password rest link to allow user resetting their forward","")) | J30: =IF(F30="Yes","Y","N") -> N
C31: 2.1 | D31: =IF('Asset Info'!B5="Desktop","Is random/default password shared with the user by admin?","Is a random password generated and shared with the user through auto-mailer option?") -> Is a random password generated and shared with the user through auto-mailer option? | E31: =IF(OR(COUNTIF(F32:F33,"Yes")>0,F25<>"Yes"),"No","Yes") -> No | J31: =IF($J34="N","N","Y") -> N
C32: 2.2 | D32: Is a default password shared with the user with limited activation time? | E32: =IF('Asset Info'!B5="Desktop","No",IF(OR(OR(F33="Yes",F31="Yes"),F25<>"Yes"),"No","Yes")) -> No | J32: =IF($J35="N","N","Y") -> N
C33: 2.3 | D33: Others | E33: =IF(OR(F25<>"Yes",COUNTIF(F31:F32,"Yes")>0),"No","Yes") -> No | K33: =IF(AND($F33="Yes",ISBLANK($H33)),"Please enter your comments","")
C34: 2.1.1 | D34: Is it mandatory to change the password after the first login? | E34: =IF(AND(F25="Yes",F31="Yes"),"Yes","No") -> No | G34: =IF(ISBLANK(F34),"",IF(F34="Yes",IF('Asset Info'!B5="Desktop","Admin has the option to reset the password. Random password is generated and shared with user by admin. User is forced to change the password on first login","Admin has the option to reset the password. Random password is generated and shared with user through auto-mailer and the user is forced to change the password on first login"),IF('Asset Info'!B5="Desktop","Admin has the option to reset the password. Random password is generated and shared with user by admin. Recommend to force the user to change the password on first login","Admin has the option to reset the password. Random password is generated and shared with user through auto-mailer. Recommend to force the user to change the password on first login"))) | J34: =IF($F34="Yes","Y","N") -> N
C35: 2.2.1 | D35: Is it mandatory to change the password after the first login? | E35: =IF(AND(F25="Yes",F32="Yes"),"Yes","No") -> No | G35: =IF(ISBLANK($F35),"",IF($F35="Yes","Admin has the option to reset the password. Default password is shared with user with limited activation time and the user is forced to change the password on first login.","Admin has the option to reset the password. Default password is shared with user with limited activation time. Recommend to force the user to change the password on first login.")) | J35: =IF($F35="Yes","Y","N") -> N
A36: 4 | B36: Password policy | C36: 1 | D36: =IF('Asset Info'!B9="Internet",_xlfn.CONCAT("Does the password policy consist of the following? Min length 8 to 12 characters, Max Length 50 to 64 characters, Atleast 1 upper case letter, Atleast 1 lower case letter, Atleast 1 digit, Atleast 1 special character,"," Password expiry after 30 or 60 days, Last five passwords are not allowed to be used while resetting the password."),_xlfn.CONCAT("Does the password policy consist of the following? Min length 8 to 12 characters, Max Length 50 to 64 characters,", "Atleast 1 upper case letter, Atleast 1 lower case letter, Atleast 1 digit, Atleast 1 special character" )) -> Does the password policy consist of the following? Min length 8 to 12 characters, Max Length 50 to 64 characters,Atleast 1 upper case letter, Atleast 1 lower case letter, Atleast 1 digit, Atleast 1 special character | E36: =IF(OR(OR(AND('Asset Info'!B5="Desktop",F7="Yes"),'Asset Info'!B5="Code based library"),'Asset Info'!B5="APIs Only"),"No",IF(OR(E37="Yes",F38="Yes"),"No","Yes")) -> Yes | G36: =IF(ISBLANK(F36),"",IF(F36="Yes","Password Policy is configurable for min and max length and it contains atleast 1 special charcater, 1 digit, 1 upper case and 1 lower case character. It will not allow to set last 5 passwords and force the user to reset the password periodically.","Recommend to have password policy as configurable with min and max characters, 1 special character, 1 digit, atleast 1 upper case and 1 lower case letter. It should not allow to set last 5 passwords and force the user to reset the password periodically.")) | J36: =IF($F36="Yes","Y","N") -> N
C37: 2 | D37: NA | E37: =IF(OR(OR(AND('Asset Info'!B5="Desktop",F7="Yes"),'Asset Info'!B5="Code based library"),'Asset Info'!B5="APIs Only"),"No",IF(F7="Yes","Yes","No")) -> No | G37: =IF(AND('Asset Info'!B5="Desktop",F7="Yes"),"Application has no user registration module and is available as Desktop Application without user authentication.",IF('Asset Info'!B5="Code based library","Application is a code based library and do not have any user authentication",IF(AND('Asset Info'!B5="APIs Only",F17="Yes"),"API based application using API keys or authentication tokens for authenticating users or applications",IF(AND('Asset Info'!B5="APIs Only",F16="Yes"),"API based application used as a middle layer without API keys or authentication tokens",IF(AND('Asset Info'!B5="APIs Only",F20="Yes"),"API based application",IF(AND(F7="Yes",E37="Yes"),"Application does not have user registration module and connect to customer LDAP/IDM/SSO to identify and authenticate the user.","")))))) | J37: =IF(OR(OR(AND('Asset Info'!B5="Desktop",F7="Yes"),'Asset Info'!B5="Code based library"),'Asset Info'!B5="APIs Only"),"NA",IF(AND('Asset Info'!B5="Web/Mobile",F7="Yes"),"Y","N")) -> N
C38: 3 | D38: Others | E38: =IF(OR(OR(AND('Asset Info'!B5="Desktop",F7="Yes"),'Asset Info'!B5="Code based library"),'Asset Info'!B5="APIs Only"),"No",IF(OR(F36="Yes",E37="Yes"),"No","Yes")) -> Yes | J38: N | K38: =IF(AND($F38="Yes",ISBLANK($H38)),"Please enter your comments","")
A39: 5 | B39: Authentication Methods (One-way, Multi-factor etc.) | C39: 1 | D39: =IF('Asset Info'!B9="Internet",IF('Asset Info'!B5="Desktop","Does the application validates username and password for authentication?","Does the application has two-factor authentication?That is after validating the usename and password, does the application accepts OTP or any token using authenticator apps?"),"Does the application validates username and password for authentication?") -> Does the application validates username and password for authentication? | E39: =IF(OR(AND('Asset Info'!B5="Desktop",F7="Yes"),'Asset Info'!B5="APIs Only"),"No","Yes") -> Yes | G39: =IF(ISBLANK(F39),"",IF(AND('Asset Info'!B9="Internet",F39="Yes"),"Application is internet facing and has two-factor authentication enabled.",IF(AND('Asset Info'!B9="Internet",F39="No"),"Application has one-way authentication. Recommend to implement two-factor authentication as the application is internet facing.",IF(AND('Asset Info'!B9="Intranet",F39="Yes"),"Application has one-way authentication enabled","Recommend to enable one-way authentication")))) | J39: =IF($F39="Yes","Y","N") -> N
C40: 2 | D40: =IF(OR(OR(AND('Asset Info'!B5="Desktop",F7="Yes"),'Asset Info'!B5="Code based library"),'Asset Info'!B5="APIs Only"),"NA","Others") -> Others | E40: =IF(D40="NA","No","Yes") -> Yes | G40: =IF(AND('Asset Info'!B5="Desktop",F7="Yes"),"Application has no user registration module and is available as Desktop Application without user authentication.",IF('Asset Info'!B5="Code based library","Application is a code based library and do not have any user authentication",IF(AND('Asset Info'!B5="APIs Only",F17="Yes"),"API based application using API keys or authentication tokens for authenticating users or applications",IF(AND('Asset Info'!B5="APIs Only",F16="Yes"),"API based application used as a middle layer without API keys or authentication tokens",IF(AND('Asset Info'!B5="APIs Only",F20="Yes"),"API based application",IF(AND(F16="Yes",E40="Yes"),"Application does not have user registration module and connect to customer LDAP/IDM/SSO to identify and authenticate the user.","")))))) | J40: =IF(D40="NA","NA","N") -> N
A41: 6 | B41: Storage of credential | C41: 1 | D41: Does the application store user crendentials in DB by salting and hashing it? | E41: =IF(OR(OR(AND('Asset Info'!B5="Desktop",F7="Yes"),'Asset Info'!B5="Code based library"),'Asset Info'!B5="APIs Only"),"No",IF(OR(E42="Yes",F43="Yes"),"No","Yes")) -> Yes | J41: =IF(J44="N","N","Y") -> N
C42: 2 | D42: NA | E42: =IF(OR(OR(AND('Asset Info'!B5="Desktop",F7="Yes"),'Asset Info'!B5="Code based library"),'Asset Info'!B5="APIs Only"),"No",IF(F7="Yes","Yes","No")) -> No | G42: =IF(AND('Asset Info'!B5="Desktop",F7="Yes"),"Application has no user registration module and is available as Desktop Application without user authentication.",IF('Asset Info'!B5="Code based library","Application is a code based library and do not have any user authentication",IF(AND('Asset Info'!B5="APIs Only",F17="Yes"),"API based application using API keys or authentication tokens for authenticating users or applications",IF(AND('Asset Info'!B5="APIs Only",F16="Yes"),"API based application used as a middle layer without API keys or authentication tokens",IF(AND('Asset Info'!B5="APIs Only",F20="Yes"),"API based application",IF(AND(F7="Yes",E42="Yes"),"Application does not have user registration module and connect to customer LDAP/IDM/SSO to identify and authenticate the user.","")))))) | J42: =IF(OR(OR(AND('Asset Info'!B5="Desktop",F7="Yes"),'Asset Info'!B5="Code based library"),'Asset Info'!B5="APIs Only"),"NA",IF(AND('Asset Info'!B5="Web/Mobile",F7="Yes"),"Y","N")) -> N
C43: 3 | D43: Others | E43: =IF(OR(OR(AND('Asset Info'!B5="Desktop",F7="Yes"),'Asset Info'!B5="Code based library"),'Asset Info'!B5="APIs Only"),"No",IF(OR(F41="Yes",E42="Yes"),"No","Yes")) -> Yes | J43: N | K43: =IF(AND($F43="Yes",ISBLANK($H43)),"Please enter your comments","")
C44: 1.1 | D44: Does the application uses slow hashing algorithms like scrypt/bcrypt/PBKDF2WithHMACSHA256.PBKDF2WithHMACSHA512/Argon2id? | E44: =IF(OR(F45="Yes",F41<>"Yes"),"No","Yes") -> No | G44: =IF(ISBLANK(F44),"",IF(F44="Yes","Application stores the user passwords in DB by salting and hashing it using slow hashing algorithms.","Application stores the user passwords in DB by salting and hashing it. Recommend to use slow hashing algorithms like scrypt/bcrypt/PBKDF2WithHMACSHA256.PBKDF2WithHMACSHA512/Argon2id.")) | J44: =IF($F44="Yes","Y","N") -> N
C45: 1.2 | D45: Others | E45: =IF(OR(F41<>"Yes",NOT(ISBLANK(F44))),"No","Yes") -> No | J45: N | K45: =IF(AND($F45="Yes",ISBLANK($H45)),"Please enter your comments","")
A46: 7 | B46: Storage of any other authentication secret | C46: 1 | D46: Does the application stores system secrets like DB password or FTP credentials or any such system secrets? | E46: Yes | G46: =IF(F46="No","The application does not store any system secrets","") | J46: =IF(F46="No","Y","N") -> N
C47: 1.1 | D47: Does the application stores system secrets in an encrypted format. For example AES256 with GCM encryption mode? | E47: =IF(AND(F46="Yes",ISBLANK(F48)),"Yes","No") -> No | G47: =IF(ISBLANK(F47),"",IF(F47="Yes","Application stores system passwords in an encrypted format using AES256 with GCM encryption mode.","Application stores system passwords in an encrypted format. Recommend to use AES 256 with GCM encryption mode.")) | J47: =IF($F47="Yes","Y","N") -> N
C48: 1.2 | D48: Others | E48: =IF(AND(F46="Yes",ISBLANK(F47)),"Yes","No") -> No
A49: 8 | B49: User enumeration | C49: 1 | D49: Does the application throw a generic error message like 'Invalid credentials'/'Invalid username or password' , incase of invalid username/password during authentication? | E49: =IF(OR(OR(AND('Asset Info'!B5="Desktop",F7="Yes"),'Asset Info'!B5="Code based library"),'Asset Info'!B5="APIs Only"),"No",IF(AND(E50="No",ISBLANK(F51)),"Yes","No")) -> Yes | G49: =IF(ISBLANK(F49),"",IF(F49="Yes","Application throws generic error message like 'Invalid credentials'/'Invalid username or password' incase of invalid username/password during authentication.","Application do not throw generic error message. Recommend to throw generic error message like 'Invalid credentials'/'Invalid username or password' incase of invalid username/password during authentication")) | J49: =IF($F49="Yes","Y","N") -> N
C50: 2 | D50: NA | E50: No | G50: =IF(AND('Asset Info'!B5="Desktop",F7="Yes"),"Application has no user registration module and is available as Desktop Application without user authentication.",IF('Asset Info'!B5="Code based library","Application is a code based library and do not have any user authentication",IF(AND('Asset Info'!B5="APIs Only",F17="Yes"),"API based application using API keys or authentication tokens for authenticating users or applications",IF(AND('Asset Info'!B5="APIs Only",F16="Yes"),"API based application used as a middle layer without API keys or authentication tokens",IF(AND('Asset Info'!B5="APIs Only",F20="Yes"),"API based application",IF(AND(F16="Yes",E50="Yes"),"Application does not have user registration module and connect to customer LDAP/IDM/SSO to identify and authenticate the user.","")))))) | J50: =IF(OR(OR(AND('Asset Info'!B5="Desktop",F7="Yes"),'Asset Info'!B5="Code based library"),'Asset Info'!B5="API"),"NA","N") -> N
C51: 3 | D51: Others | E51: =IF(OR(OR(AND('Asset Info'!B5="Desktop",F7="Yes"),'Asset Info'!B5="Code based library"),'Asset Info'!B5="APIs Only"),"No",IF(AND(E50="No",ISBLANK(F49)),"Yes","No")) -> Yes | J51: N | K51: =IF(AND($F51="Yes",ISBLANK($H51)),"Please enter your comments","")
A52: 9 | B52: Default or guessable user account or credentials | C52: 1 | D52: Does the application has validation for guessable usernames like admin, super admin and guessable passwords like P@ssword1, Admin123,Superadmin12345? | E52: =IF(OR(OR(AND('Asset Info'!B5="Desktop",F7="Yes"),'Asset Info'!B5="Code based library"),'Asset Info'!B5="APIs Only"),"No",IF(D53="NA","No","Yes")) -> Yes | G52: =IF(ISBLANK(F52),"",IF(F52="Yes","Application do not allow guessable username or password.","Application do not validate for guessable usernames/password. Recommend to have validation for guessabel username like admin, super admin and guessable passwords like Admin123,Superadmin12345 and do not allow setting these predicatable details.")) | J52: =IF($F52="Yes","Y","N") -> N
C53: 2 | D53: =IF(OR(OR(AND('Asset Info'!B5="Desktop",F7="Yes"),'Asset Info'!B5="Code based library"),'Asset Info'!B5="APIs Only"),"NA",IF(F7="Yes","NA","Others")) -> Others | E53: =IF(D53="NA","No",IF(ISBLANK(F52),"Yes","No")) -> Yes | G53: =IF(AND('Asset Info'!B5="Desktop",F7="Yes"),"Application has no user registration module and is available as Desktop Application without user authentication.",IF('Asset Info'!B5="Code based library","Application is a code based library and do not have any user authentication",IF(AND('Asset Info'!B5="APIs Only",F17="Yes"),"API based application using API keys or authentication tokens for authenticating users or applications",IF(AND('Asset Info'!B5="APIs Only",F16="Yes"),"API based application used as a middle layer without API keys or authentication tokens",IF(AND('Asset Info'!B5="APIs Only",F20="Yes"),"API based application",IF(F7="Yes","Application does not have user registration module and connect to customer LDAP/IDM/SSO to identify and authenticate the user.","")))))) | J53: =IF(D53="NA","NA","N") -> N | K53: =IF(AND($F53="Yes",ISBLANK($H53)),"Please enter your comments","")
A54: 10 | B54: Account lockout and reopening | C54: 1 | D54: Does the application has account lockout after 3 or 5 invalid attempts? | E54: =IF(OR(OR(AND('Asset Info'!B5="Desktop",F7="Yes"),'Asset Info'!B5="Code based library"),'Asset Info'!B5="APIs Only"),"No",IF(D55="NA","No","Yes")) -> Yes | G54: =IF(ISBLANK(F54),"",IF(F54="Yes","","Application should lock the user after 3 or 5 invalid attempts.")) | J54: =IF($F54="Yes",IF(COUNTIF(J56:J59,"Y")>0,"Y","N"),"N") -> N
C55: 2 | D55: =IF(OR(OR(AND('Asset Info'!B5="Desktop",F7="Yes"),'Asset Info'!B5="Code based library"),'Asset Info'!B5="APIs Only"),"NA",IF(F7="Yes","NA","Others")) -> Others | E55: =IF(D55="NA","No",IF(F54="Yes","No","Yes")) -> Yes | G55: =IF(AND('Asset Info'!B5="Desktop",F7="Yes"),"Application has no user registration module and is available as Desktop Application without user authentication.",IF('Asset Info'!B5="Code based library","Application is a code based library and do not have any user authentication",IF(AND('Asset Info'!B5="APIs Only",F17="Yes"),"API based application using API keys or authentication tokens for authenticating users or applications",IF(AND('Asset Info'!B5="APIs Only",F16="Yes"),"API based application used as a middle layer without API keys or authentication tokens",IF(AND('Asset Info'!B5="APIs Only",F20="Yes"),"API based application",IF(F7="Yes","Application does not have user registration module and connect to customer LDAP/IDM/SSO to identify and authenticate the user.","")))))) | J55: =IF(D55="NA","NA","N") -> N
C56: 1.1 | D56: Does admin unlock the user account? | E56: =IF(OR(COUNTIF(F57:F59,"Yes")>0,F54<>"Yes"),"No","Yes") -> No | G56: =IF(ISBLANK(F56),"",IF(F56="Yes","Account is locked after 3 or 5 invalid attempts and admin unlocks the user.","")) | J56: =IF($F56="Yes","Y","N") -> N
C57: 1.2 | D57: Does the account gets unlocked automatically after 24 hours? | E57: =IF(OR(OR(F56="Yes",COUNTIF(F58:F59,"Yes")>0),F54<>"Yes"),"No","Yes") -> No | G57: =IF(ISBLANK(F57),"",IF(F57="Yes","Account is locked after 3 or 5 invalid attempts and account automatically unlocks after 24 hours.","")) | J57: =IF($F57="Yes","Y","N") -> N
C58: 1.3 | D58: Does the user enter security question and answer to unlock the account? | E58: =IF(OR(OR(F59="Yes",COUNTIF(F56:F57,"Yes")>0),F54<>"Yes"),"No","Yes") -> No | G58: =IF(ISBLANK(F58),"",IF(F58="Yes","Account is locked after 3 or 5 invalid attempts and account is unlocked by accepting security question and answer from the user.","")) | J58: =IF($F58="Yes","Y","N") -> N
C59: 1.4 | D59: Others | E59: =IF(OR(COUNTIF(F56:F58,"Yes")>0,F54<>"Yes"),"No","Yes") -> No | J59: N | K59: =IF(AND($F59="Yes",ISBLANK($H59)),"Please enter your comments","")
A60: 11 | B60: Brute force login Attack | C60: 1 | D60: Does the application has defined password policy, account lockout, and secure storage of credentials? | E60: =IF(OR(OR(AND('Asset Info'!B5="Desktop",F7="Yes"),'Asset Info'!B5="Code based library"),'Asset Info'!B5="APIs Only"),"No",IF(D62="NA","No","Yes")) -> Yes | G60: =IF(AND(F60="Yes",'Asset Info'!B9="Intranet"),"Application has mechanisms to defend brute force attack by having strong password policy and account lockout mechanism",IF(AND(F60="No",'Asset Info'!B9="Internet"),"Application should have strong password policy, Account lockout mechanism and should securely store passwords.","")) | J60: =IF(AND(F60="Yes",'Asset Info'!B9<>"Internet"),"Y",IF(AND(F60="Yes",'Asset Info'!B5="Desktop"),"Y","N")) -> N
C61: 1.1 | D61: Does the application block the IP address if more invalid attempts are attempted from the same IP address? | E61: =IF('Asset Info'!B5="Desktop","No",IF(AND('Asset Info'!B9="Internet",F60="Yes"),"Yes","No")) -> No | G61: =IF(ISBLANK(F61),"",IF(F61="Yes","Application has mechanisms to defend brute force attack by having strong password policy, account lockout mechanism and securely storing password. It has mechanism to block IP address on multiple invalid attempts.","Application have strong password policy, account lockout mechanism and securely stores password. However recommend to block the IP Address incase invalid attempts are done from same Ipaddress.")) | J61: =IF($F61="Yes","Y","N") -> N
C62: 1.2 | D62: =IF(OR(OR(AND('Asset Info'!B5="Desktop",F7="Yes"),'Asset Info'!B5="Code based library"),'Asset Info'!B5="APIs Only"),"NA",IF(F7="Yes","NA","Others")) -> Others | E62: =IF(D62="NA","No",IF(F60="Yes","No","Yes")) -> Yes | G62: =IF(AND('Asset Info'!B5="Desktop",F7="Yes"),"Application has no user registration module and is available as Desktop Application without user authentication.",IF('Asset Info'!B5="Code based library","Application is a code based library and do not have any user authentication",IF(AND('Asset Info'!B5="APIs Only",F17="Yes"),"API based application using API keys or authentication tokens for authenticating users or applications",IF(AND('Asset Info'!B5="APIs Only",F16="Yes"),"API based application used as a middle layer without API keys or authentication tokens",IF(AND('Asset Info'!B5="APIs Only",F20="Yes"),"API based application",IF(F7="Yes","Application does not have user registration module and connect to customer LDAP/IDM/SSO to identify and authenticate the user.","")))))) | J62: =IF(D62="NA","NA","N") -> N | K62: =IF(AND($F62="Yes",ISBLANK($H62)),"Please enter your comments","")
A63: 12 | B63: Bypassing authentication schema | C63: 1 | D63: Does the application bypass authentication to allow access of functional features? | E63: =IF(OR(OR(AND('Asset Info'!B5="Desktop",F7="Yes"),'Asset Info'!B5="Code based library"),'Asset Info'!B5="APIs Only"),"No","Yes") -> Yes | G63: =IF(ISBLANK(F63),"",IF(F63="Yes","","Application does not bypass authentication for accessing any application feature.")) | J63: =IF($F63="No","Y","N") -> N
C64: 1.1 | D64: Is it a public access page without the need for user credentials? | E64: =IF(AND(F65<>"Yes",$F63="Yes"),"Yes","No") -> No | G64: =IF(ISBLANK(F64),"",IF(F64="Yes","Application does not bypass authentication for accessing any application feature.","Application should not allow any page without authentication. Bypassing of credentials should not be allowed.")) | J64: =IF($F64="Yes","Y","N") -> N
C65: 1.2 | D65: =IF(OR(OR(AND('Asset Info'!B5="Desktop",F7="Yes"),'Asset Info'!B5="Code based library"),'Asset Info'!B5="APIs Only"),"NA","Others") -> Others | E65: =IF(OR(D65="NA",F63<>"Yes"),"No","Yes") -> No | G65: =IF(AND('Asset Info'!B5="Desktop",F7="Yes"),"Application has no user registration module and is available as Desktop Application without user authentication.",IF('Asset Info'!B5="Code based library","Application is a code based library and do not have any user authentication",IF(AND('Asset Info'!B5="APIs Only",F17="Yes"),"API based application using API keys or authentication tokens for authenticating users or applications",IF(AND('Asset Info'!B5="APIs Only",F16="Yes"),"API based application used as a middle layer without API keys or authentication tokens",IF(AND('Asset Info'!B5="APIs Only",F20="Yes"),"API based application",IF(AND(F16="Yes",E65="Yes"),"Application does not have user registration module and connect to customer LDAP/IDM/SSO to identify and authenticate the user.","")))))) | J65: =IF(D65="NA","NA","N") -> N | K65: =IF(AND($F65="Yes",ISBLANK($H65)),"Please enter your comments","")
A66: 13 | B66: Logout and Browser Cache management | C66: 1 | D66: Does the application has user logout option available in every page or in the header? | E66: =IF(D67="NA","No","Yes") -> Yes | G66: =IF(ISBLANK(F66),"",IF(F66="Yes","","Application should have logout option in all the pages when user authentication is enabled.")) | J66: =IF(AND('Asset Info'!B5="Desktop",F66="Yes"),"Y","N") -> N
C67: 2 | D67: =IF(OR(OR(AND('Asset Info'!B5="Desktop",F7="Yes"),'Asset Info'!B5="Code based library"),'Asset Info'!B5="APIs Only"),"NA","Others") -> Others | E67: =IF(D67="NA","No","Yes") -> Yes | G67: =IF(D67="NA","Application do not have any user authentication and hence no logout option available.","") | J67: =IF($D67="NA","NA","N") -> N
C68: 1.1 | D68: Does the application store any sensitive data in browser cache or local storage? | E68: =IF('Asset Info'!B5="Desktop","No",IF($F66="Yes","Yes","No")) -> No
C69: 1.1.1 | D69: Is the browser local cache or local storage cleared on logout? | E69: =IF(AND(E68="Yes",F68="Yes"),"Yes","No") -> No | G69: =IF(ISBLANK(F69),"",IF(F69<>"Yes","Application has logout option available. Application stored sensitive data in browser cache or local storage and is recommended to clear local storage or cache on logout.","")) | J69: =IF(OR(F69="No",F69="NA"),"N","")
C70: 1.1.2 | D70: Is the session/token invalidated on logout? | E70: =IF(ISBLANK(F68),"No",IF(OR(F68<>"Yes",NOT(ISBLANK(F69))),"Yes","No")) -> No | G70: =IF(ISBLANK(F70),"",IF(AND(F70="Yes",F69="Yes"),"Application has logout option available. Application stored sensitive data in browser cache or local storage and it is cleared on logout along with session or token invalidation.",IF(AND(AND(F70="Yes",F68="Yes"),F69="No"),"Application has logout option available. Application stored sensitive data in browser cache or local storage and it is not cleared on logout. Recommended to clear the browser cache or local storage on logout. Session or token on is invalidated on logout.",IF(AND(F70="Yes",F68<>"Yes"),"Application has logout option available. Session or token invalidated on logout. Application do not store any sensitvie data in local storage or browser cache",IF(AND(F70<>"Yes",F69="Yes"),"Application has logout option available. Application stored sensitive data in browser cache or local storage and it is cleared on logout. Recommend to invalidate the session or token on logout.",IF(AND(AND(F70<>"Yes",F68="Yes"),F69="No"),"Application has logout option available. Application stored sensitive data in browser cache or local storage and it is not cleared on logout. Recommended to clear the browser cache or local storage and invalidate the session or token on logout.","Invalidate session on logout")))))) | J70: =IF(ISBLANK(F70),"",IF(AND(F70="Yes",F69="Yes"),"Y",IF(AND(AND(F70="Yes",F68="Yes"),F69="No"),"N",IF(AND(F70<>"Yes",F69="Yes"),"N",IF(AND(AND(F70<>"Yes",F68="Yes"),F69="No"),"N",IF(AND(F70="Yes",F68<>"Yes"),"Y",""))))))
A71: 14 | B71: CAPTCHA | C71: 1 | D71: Does the application have public pages that don't require authentication like login or feedback page? | E71: =IF(D72="NA","No","Yes") -> Yes | G71: =IF(ISBLANK(F71),"",IF(F71<>"Yes","Application do not have any public pages that are available without user authenticated to the system and hence CAPTCHA is not enforced.","")) | J71: =IF(ISBLANK(F71),"",IF(F71<>"Yes","Y","N"))
C72: 2 | D72: =IF(OR(OR('Asset Info'!B5="Desktop",'Asset Info'!B5="Code based library"),'Asset Info'!B5="APIs Only"),"NA","Others") -> Others | E72: =IF(D72="NA","No",IF(ISBLANK($F71),"Yes","No")) -> Yes | G72: =IF('Asset Info'!B5="Desktop","Application is available as Desktop Application, CAPTCHA is not applicable.",IF('Asset Info'!B5="Code based library","Application is a code based library and do not have any user authentication",IF(AND('Asset Info'!B5="APIs Only",F17="Yes"),"API based application using API keys or authentication tokens for authenticating users or applications",IF(AND('Asset Info'!B5="APIs Only",F16="Yes"),"API based application used as a middle layer without API keys or authentication tokens",IF(AND('Asset Info'!B5="APIs Only",F20="Yes"),"API based application",IF(AND(F16="Yes",E72="Yes"),"Application does not have user registration module and connect to customer LDAP/IDM/SSO to identify and authenticate the user.","")))))) | J72: =IF(D72="NA","NA","N") -> N | K72: =IF(AND($F72="Yes",ISBLANK($H72)),"Please enter your comments","")
C73: 1.1 | D73: Is CAPTCHA enforced? | E73: =IF($F71="Yes","Yes","No") -> No | G73: =IF(ISBLANK(F73),"",IF(AND(F73<>"Yes",'Asset Info'!B9="Intranet"),"Since it is an intranet application enforcing CAPTCHA at all public pages that doesn't require authentication is not mandatory.",IF(F73<>"Yes","Application should enforce CAPTCHA at all public pages that doesn't require authentication like login or feedback page.",""))) | J73: =IF(AND('Asset Info'!B9="Intranet",F73="No"),"Y","N") -> N
C74: 1.1.1 | D74: Are you using any 3rd party or standard CAPTCHA libraries? | E74: =IF($F73="Yes","Yes","No") -> No | G74: =IF(ISBLANK(F74),"",IF(F74="Yes","Application enforces CAPTCHA at all public pages that doesn't require authnetication. Standard CAPTCHA libraries are used for implementation","")) | J74: =IF($F74="Yes","Y","")
C75: 1.1.1.1 | D75: Is CAPTCHA generation logic available on the server side? | E75: =IF(AND(E74="Yes",OR($F74="No",F74="NA")),"Yes","No") -> No | G75: =IF(ISBLANK(F75),"",IF(F75="Yes","Application enforces CAPTCHA at all public pages that doesn't require authnetication. CAPTCHA generation logic is available at server side.","Application enforces CAPTCHA at all public pages that doesn't require authnetication. CAPTCHA generation logic is available at client side. It is recommended to have CAPTCHA generation logic at server side.")) | J75: =IF(ISBLANK(F75),"",IF($F75="Yes","Y","N"))
A76: 15 | B76: Profile Cloning | C76: 1 | D76: Do you allow multiple sessions at the same time for the same user account | E76: =IF(D77="NA","No","Yes") -> Yes | G76: =IF(AND(NOT(ISBLANK(F76)),F76<>"Yes"),"The application does not allow multiple sessions at the same time for the same user account",IF(AND(NOT(ISBLANK(F76)),OR('Asset Info'!B10="Yes",'Asset Info'!B11="Yes")),"Do not allow multiple sessions at the same time for the same user account","")) | J76: =IF(OR(F76="No",F76="NA"),"Y","N") -> N
C77: 2 | D77: =IF(OR(OR('Asset Info'!B5="Desktop",'Asset Info'!B5="Code based library"),'Asset Info'!B5="APIs Only"),"NA","Others") -> Others | E77: =IF(D77="NA","No",IF(ISBLANK($F76),"Yes","No")) -> Yes | G77: =IF('Asset Info'!B5="Desktop","Application is available as Desktop Application and profile cloning is not applicable.",IF('Asset Info'!B5="Code based library","Application is a code based library and do not have any user authentication",IF(AND('Asset Info'!B5="APIs Only",F17="Yes"),"API based application using API keys or authentication tokens for authenticating users or applications",IF(AND('Asset Info'!B5="APIs Only",F16="Yes"),"API based application used as a middle layer without API keys or authentication tokens",IF(AND('Asset Info'!B5="APIs Only",F20="Yes"),"API based application",IF(AND(F16="Yes",E77="Yes"),"Application does not have user registration module and connect to customer LDAP/IDM/SSO to identify and authenticate the user.","")))))) | J77: =IF(D77="NA","NA","N") -> N | K77: =IF(AND($F77="Yes",ISBLANK($H77)),"Please enter your comments","")
A78: Authorization
A79: 1 | B79: User Access and Privilege management | C79: 1 | D79: Is it a single role application? | E79: =IF(OR(OR(COUNTIF(F80:F81,"Yes")>0,D81="NA"),AND('Asset Info'!B5="APIs Only",F17="Yes")),"No","Yes") -> Yes | G79: =IF(ISBLANK(F79),"",IF(F79="Yes","It is a single role application and every user is allowed to access all the pages.","")) | J79: =IF(F79="Yes","Y","N") -> N
C80: 2 | D80: Is it a multi role application? | E80: =IF(OR(OR(OR(F79="Yes",F81="Yes"),D81="NA"),AND('Asset Info'!B5="APIs Only",F17="Yes")),"No","Yes") -> Yes | J80: =IF(F80="Yes",J82,"N") -> N
C81: 3 | D81: =IF(OR(OR('Asset Info'!B5="Desktop",'Asset Info'!B5="Code based library"),AND('Asset Info'!B5="APIs Only",F16="Yes")),"NA",IF(AND('Asset Info'!B5="APIs Only",F17="Yes"),"Is the authorization for APIs is validated at server side?","Others")) -> Others | E81: =IF(D81="NA","No",IF(COUNTIF(F79:F80,"Yes")>0,"No","Yes")) -> Yes | G81: =IF('Asset Info'!B5="Desktop","Application has no user authorization as it is available as Desktop Application.",IF('Asset Info'!B5="Code based library","Application is a code based library and do not have any user authentication and authorization",IF(AND('Asset Info'!B5="APIs Only",F16="Yes"),"API based application used as a middle layer without API keys or authentication tokens",IF(AND(AND('Asset Info'!B5="APIs Only",F17="Yes"),F81="Yes"),"APIs are validated for authorization",IF(F81="No","Recommend to have authorization check for APIs",""))))) | J81: =IF(D81="NA","NA",IF(AND(AND('Asset Info'!B5="APIs Only",F17="Yes"),F81="Yes"),"Y","N")) -> N | K81: =IF(AND(AND($F81="Yes",ISBLANK($H81)),D81="Others"),"Please enter your comments","")
C82: 2.1 | D82: Is the authorization checked before each transaction on the server side irrespective of the checks done on the client side? | E82: =IF($F80="Yes","Yes","No") -> No | G82: =IF(ISBLANK(F82),"",IF(F82="Yes","Application has multiple roles. Authorization is checked before each transaction at server side irrespective of the checks done at the client side . Only the users with right privileges can access application.","Application has multiple roles. Recommend that authorization is checked before each transaction at server side irrespective of the checks done at the client side . Only the users with right privileges should be able to access the application")) | J82: =IF($F82="Yes","Y","N") -> N
A83: 2 | B83: Grant of access to systems and business applications | C83: 1 | D83: =IF('Asset Info'!B5="Desktop","Does the application require admin privileges on the system to run the application?","Is access to production systems and business applications restricted to only the support team or admin team?") -> Is access to production systems and business applications restricted to only the support team or admin team? | E83: =IF(AND(ISBLANK(F84),D84<>"NA"),"Yes","No") -> Yes | G83: =IF(AND('Asset Info'!B5="Desktop",F83="Yes"),"Recommend to avoid admin privileges to run the application",IF(AND('Asset Info'!B5="Desktop",F83="No"),"Application runs on the desktop without admin privileges",IF(ISBLANK(F83),"",IF(F83="Yes","System access is restricted for normal users. Only the support team or admin team is provided access to the server systems.","Recommend to have access to the production systems is provided to the designated support team or administrators. Developers and other uers should be restricted from accessing these systems.")))) | J83: =IF(AND('Asset Info'!B5="Desktop",OR(F83="No",F83="NA")),"Y",IF(F83="Yes","Y","N")) -> N
C84: 2 | D84: =IF('Asset Info'!B5="Code based library","NA","Others") -> Others | E84: =IF(ISBLANK(F83),"Yes","No") -> Yes | G84: =IF('Asset Info'!B5="Code based library","Application is a code based library and is integrated with the high end system","") | J84: =IF(D84="NA","Y","N") -> N | K84: =IF(AND($F84="Yes",ISBLANK($H84)),"Please enter your comments","")
A85: 3 | B85: Non Predictable Session Identifier or tokens | C85: 1 | D85: Are session Identifiers or tokens created in non-predictable format by using proven frameworks like Spring Security, Django, Rails, JWT, OAuth, SAML and so on. | E85: =IF(AND(ISBLANK(F86),D86<>"NA"),"Yes","No") -> Yes | G85: =IF(ISBLANK(F85),"",IF(F85="Yes","Session identifiers or tokens are generated securely by using proven frameworks like Spring Security, Django, Rails, JWT, OAuth, SAML and so on.","Session identifiers or toekn should be generated securely. Recommend to use proven frameworks like Spring Security, Django, Rails, JWT, OAuth, SAML and so on.")) | J85: =IF($F85="Yes","Y","N") -> N
C86: 2 | D86: =IF(OR(OR('Asset Info'!B5="Desktop",'Asset Info'!B5="Code based library"),AND('Asset Info'!B5="APIs Only",F16="Yes")),"NA","Others") -> Others | E86: =IF(D86="NA","No",IF(ISBLANK(F85),"Yes","No")) -> Yes | G86: =IF('Asset Info'!B5="Desktop","Application has no session management as it is available as Desktop Application.",IF('Asset Info'!B5="Code based library","Application has no session management as it is available as a code based library",IF(AND('Asset Info'!B5="APIs Only",F16="Yes"),"API based application used as a middle layer without API keys or authentication tokens",""))) | J86: =IF(D86="NA","NA","N") -> N | K86: =IF(AND($F86="Yes",ISBLANK($H86)),"Please enter your comments","")
A87: 4 | B87: Session or token time-out | C87: 1 | D87: Does the application have session or token timeout configured? | E87: =IF(AND(ISBLANK(F88),D88<>"NA"),"Yes","No") -> Yes | G87: =IF(ISBLANK(F87),"",IF(F87<>"Yes","Recommend to have configurable session time-out with max of 30mins. Application should invalidate the session on time-out.","")) | J87: =IF(ISBLANK(F87),"",IF($F87<>"Yes","N",""))
C88: 2 | D88: =IF(OR(OR('Asset Info'!B5="Desktop",'Asset Info'!B5="Code based library"),AND('Asset Info'!B5="APIs Only",F16="Yes")),"NA","Others") -> Others | E88: =IF(D88="NA","No",IF(ISBLANK(F87),"Yes","No")) -> Yes | G88: =IF('Asset Info'!B5="Desktop","Application has no session management as it is available as Desktop Application.",IF('Asset Info'!B5="Code based library","Application has no session management as it is available as a code based library",IF(AND('Asset Info'!B5="APIs Only",F16="Yes"),"API based application used as a middle layer without API keys or authentication tokens",""))) | J88: =IF(D88="NA","NA","N") -> N | K88: =IF(AND($F88="Yes",ISBLANK($H88)),"Please enter your comments","")
C89: 1.1 | D89: Is it ensured to configure session or token timeout for 15-30 mins? | E89: =IF(F87="Yes","Yes","No") -> No | G89: =IF(ISBLANK(F89),"",IF(F89<>"Yes","Application has configurable timeout. However recommend to configure session or token timeout for max of 30mins.","Application has configurable timeout with max of 30mins.")) | J89: =IF(ISBLANK(F89),"",IF(AND(F87="Yes",F89="Yes"),"Y","N"))
A90: 5 | B90: Restricted File access | C90: 1 | D90: =IF(OR(OR('Asset Info'!B5="Desktop",'Asset Info'!B5="Code based library"),'Asset Info'!B5="APIs Only"),"NA","Does the Application restrict direct access to file storage system?") -> Does the Application restrict direct access to file storage system? | E90: =IF(D90="NA","No","Yes") -> Yes | G90: =IF('Asset Info'!B5="Desktop","Application is available as Desktop Application and file access restrictions are not applicable.",IF('Asset Info'!B5="Code based library","Application is available as a code based library and file access restrictions are not applicable",IF('Asset Info'!B5="APIs Only","API based application and file access restrictions are not applicable",IF(ISBLANK(F90),"",IF(F90<>"Yes","Recommended to have restricted access to files on the servers. Provide options like upload/download based on the authorization privileges instead of providing direct access.",""))))) | J90: =IF(D90="NA","NA","N") -> N
C91: 1.1 | D91: Does the application restrict request methods like put and delete in case of file accessing requests? | E91: =IF(OR(F92="Yes",OR(E90="No",F90<>"Yes")),"No","Yes") -> No | G91: =IF(ISBLANK(F91),"",IF(F91<>"Yes","Application does not allow direct access to files storage system. However recommend to restrict request methods like put and delete while accessing the files.","Application does not allow direct access to files storage system and restricts request methods like put and delete while accessing the files.")) | J91: =IF(OR(F90<>"Yes",ISBLANK(E91)),"",IF($F91<>"Yes","N","Y"))
C92: 1.2 | D92: Others | E92: =IF(OR(F91="Yes",OR(E90="No",F90<>"Yes")),"No","Yes") -> No | J92: N | K92: =IF(AND($F92="Yes",ISBLANK($H92)),"Please enter your comments","")
A93: 6 | B93: Path traversal | C93: 1 | D93: Does the application accept file input details from user while processing any file? | E93: =IF(OR(OR('Asset Info'!B5="Desktop",'Asset Info'!B5="Code based library"),'Asset Info'!B5="APIs Only"),"No",IF(ISBLANK(F94),"Yes","No")) -> Yes | J93: =IF(OR(F93="No",F93="NA"),"Y","N") -> N
C94: 2 | D94: =IF(OR(OR('Asset Info'!B5="Desktop",'Asset Info'!B5="Code based library"),'Asset Info'!B5="APIs Only"),"NA","Others") -> Others | E94: =IF(D94="NA","No",IF(ISBLANK(F93),"Yes","No")) -> Yes | G94: =IF('Asset Info'!B5="Desktop","Application is available as Desktop Application and path traversal is not applicable.",IF('Asset Info'!B5="Code based library","Application is available as a code based library and path traversal is not applicable",IF('Asset Info'!B5="APIs Only","API based application and path traversal is not applicable",""))) | J94: =IF(D94="NA","NA","N") -> N | K94: =IF(AND($F94="Yes",ISBLANK($H94)),"Please enter your comments","")
C95: 1.1 | D95: Does the application validate the user input for absolute(“ / ” or “/abs/path” or “\\UNC\path\filename”) or relative (“ ../ ” or “../../path”) sequences and their variations to traverse/manipulate files in the application or the file system | E95: =IF(F93="Yes","Yes","No") -> No | G95: =IF(ISBLANK(F95),"",IF(F95<>"Yes","Application accepts user input while accessing the files. However recommend to validate the user input for any malicious data inputs like ../../ or ././/./../ or any such combination of characters.","Application accepts user input while accessing the files and the user input is validated and normalized for any malicious data inputs.")) | J95: =IF(OR(F93<>"Yes",ISBLANK(E95)),"",IF($F95<>"Yes","N","Y"))
A96: 7 | B96: Horizontal privilege escalation | C96: 1 | D96: Does the application validates on the server side and restrict the functionalities or page access of another user with the same user role? For example, a scenario where two users having the same privileges are accessing each other's pages.. | E96: =IF(AND(ISBLANK(F97),D97<>"NA"),"Yes","No") -> Yes | G96: =IF(ISBLANK(F96),"",IF(F96<>"Yes","Application validates the user privileges at server side. However access of server pages of another user with the same user role should be validated and restricted.","Application validate the user privileges at server side and restrict the access of server pages of another user with the same user role.")) | J96: =IF(F96="Yes","Y","N") -> N
C97: 2 | D97: =IF(OR(OR('Asset Info'!B5="Desktop",'Asset Info'!B5="Code based library"),'Asset Info'!B5="APIs Only"),"NA","Others") -> Others | E97: =IF(D97="NA","No",IF(ISBLANK(F96),"Yes","No")) -> Yes | G97: =IF('Asset Info'!B5="Desktop","Application has no user authorization as it is available as Desktop Application.",IF('Asset Info'!B5="Code based library","Application has no user authorization as it is available as code based library",IF('Asset Info'!B5="APIs Only","API based application",""))) | J97: =IF(D97="NA","NA","N") -> N | K97: =IF(AND($F97="Yes",ISBLANK($H97)),"Please enter your comments","")
A98: 8 | B98: Vertical privilege escalation | C98: 1 | D98: Does the application validates on the server side and restrict the functionalities or page access of another user with a role that has higher privileges? For example, a scenario where a normal user is trying to access admin pages.. | E98: =IF(AND(ISBLANK(F99),D99<>"NA"),"Yes","No") -> Yes | G98: =IF(ISBLANK(F98),"",IF(F98<>"Yes","Application validates the user privileges at server side. However access of server pages of higher privileged role should be validated and restricted.","Application validate the user privileges at server side and restrict the access of server pages of another user with the higher privileged role.")) | J98: =IF(F98="Yes","Y","N") -> N
C99: 2 | D99: =IF(OR(OR(OR('Asset Info'!B5="Desktop",'Asset Info'!B5="Code based library"),'Asset Info'!B5="APIs Only"),F79="Yes"),"NA","Others") -> Others | E99: =IF(D99="NA","No",IF(ISBLANK(F98),"Yes","No")) -> Yes | G99: =IF('Asset Info'!B5="Desktop","Application has no user authorization as it is available as Desktop Application.",IF('Asset Info'!B5="Code based library","Application has no user authorization as it is available as code based library",IF('Asset Info'!B5="APIs Only","API based application",IF(F79="Yes","Vertical privilege escalation is not applicable as it is a single role application","")))) | J99: =IF(D99="NA","NA","N") -> N | K99: =IF(AND($F99="Yes",ISBLANK($H99)),"Please enter your comments","")
A100: 9 | B100: Session Identifier/token storage | C100: 1 | D100: =IF(OR(OR('Asset Info'!B5="Desktop",'Asset Info'!B5="Code based library"),AND('Asset Info'!B5="APIs Only",F16="Yes")),"NA","Are the session identifiers or tokens stored securely on the server?") -> Are the session identifiers or tokens stored securely on the server? | E100: =IF(D100="NA","No","Yes") -> Yes | G100: =IF('Asset Info'!B5="Desktop","Application has no session management as it is available as Desktop Application.",IF('Asset Info'!B5="Code based library","Application has no session management as it is available as code based library",IF(AND('Asset Info'!B5="APIs Only",F16="Yes"),"API based application used as a middle layer without API keys or authentication tokens",IF(AND(NOT(ISBLANK(F100)),F100<>"Yes"),"Recommend to store the session identifiers or tokens securely at server side.","")))) | J100: =IF(D100="NA","NA","N") -> N
C101: 1.1 | D101: Are the session identifiers and tokens stored in persistent storage? | E101: =IF(OR(COUNTIF(F102:F103,"Yes")>0,F100<>"Yes"),"No","Yes") -> No
...

Sheet Report
A1: Asset TIPAR ID | B1: ='Asset Info'!B2 -> 0
A2: QOPD Evaluation Status | B2: =IF(COUNTIF(C10:C69,"Not Approved")>0,"Not Cleared","Cleared") -> Not Cleared
A3: Reviewer Evaluation Status
A4: Reviewer Final Comments
A6: Total Applicable Checklist Items | B6: =SUM(B7:B8) -> 60
A7: Total Autoapproved | B7: =COUNTIF(C11:C70,"Approved") -> 0
A8: Total Not Autoapproved | B8: =COUNTIF(C11:C70,"Not Approved") -> 60
A10: Security Foundation Parameter | B10: Checklist category | C10: Approval Status
A11: Authentication | B11: User Registration | C11: =IF(COUNTIF(Checklist!J5:'Checklist'!J20,"NA")>0,"Not Applicable",IF(COUNTIF(Checklist!J5:'Checklist'!J20,"Y")>0,"Approved","Not Approved")) -> Not Approved
B12: User identification and authentication | C12: =IF(COUNTIF(Checklist!J21:'Checklist'!J23,"NA")>0,"Not Applicable",IF(COUNTIF(Checklist!J21:'Checklist'!J23,"Y")>0,"Approved","Not Approved")) -> Not Approved
B13: User password management | C13: =IF(COUNTIF(Checklist!J24:'Checklist'!J35,"NA")>0,"Not Applicable",IF(COUNTIF(Checklist!J24:'Checklist'!J35,"Y")>0,"Approved","Not Approved")) -> Not Approved
B14: Password policy | C14: =IF(COUNTIF(Checklist!J36:'Checklist'!J38,"NA")>0,"Not Applicable",IF(COUNTIF(Checklist!J36:'Checklist'!J38,"Y")>0,"Approved","Not Approved")) -> Not Approved
B15: Authentication Methods (One-way, Multi-factor etc.) | C15: =IF(COUNTIF(Checklist!J39:'Checklist'!J40,"NA")>0,"Not Applicable",IF(COUNTIF(Checklist!J39:'Checklist'!J40,"Y")>0,"Approved","Not Approved")) -> Not Approved
B16: Storage of credential | C16: =IF(COUNTIF(Checklist!J41:'Checklist'!J45,"NA")>0,"Not Applicable",IF(COUNTIF(Checklist!J41:'Checklist'!J45,"Y")>0,"Approved","Not Approved")) -> Not Approved
B17: Storage of any other authentication secret | C17: =IF(COUNTIF(Checklist!J46:'Checklist'!J48,"NA")>0,"Not Applicable",IF(COUNTIF(Checklist!J46:'Checklist'!J48,"Y")>0,"Approved","Not Approved")) -> Not Approved
B18: User enumeration | C18: =IF(COUNTIF(Checklist!J49:'Checklist'!J51,"NA")>0,"Not Applicable",IF(COUNTIF(Checklist!J49:'Checklist'!J51,"Y")>0,"Approved","Not Approved")) -> Not Approved
B19: Default or guessable user account or credentials | C19: =IF(COUNTIF(Checklist!J52:'Checklist'!J53,"NA")>0,"Not Applicable",IF(COUNTIF(Checklist!J52:'Checklist'!J53,"Y")>0,"Approved","Not Approved")) -> Not Approved
B20: Account lockout and reopening | C20: =IF(COUNTIF(Checklist!J54:'Checklist'!J59,"NA")>0,"Not Applicable",IF(COUNTIF(Checklist!J54:'Checklist'!J59,"Y")>0,"Approved","Not Approved")) -> Not Approved
B21: Brute force login Attack | C21: =IF(COUNTIF(Checklist!J60:'Checklist'!J62,"NA")>0,"Not Applicable",IF(COUNTIF(Checklist!J60:'Checklist'!J62,"Y")>0,"Approved","Not Approved")) -> Not Approved
B22: Bypassing authentication schema | C22: =IF(COUNTIF(Checklist!J63:'Checklist'!J65,"NA")>0,"Not Applicable",IF(COUNTIF(Checklist!J63:'Checklist'!J65,"Y")>0,"Approved","Not Approved")) -> Not Approved
B23: Logout and Browser Cache management | C23: =IF(COUNTIF(Checklist!J66:'Checklist'!J70,"NA")>0,"Not Applicable",IF(COUNTIF(Checklist!J66:'Checklist'!J70,"Y")>0,"Approved","Not Approved")) -> Not Approved
B24: CAPTCHA | C24: =IF(COUNTIF(Checklist!J71:'Checklist'!J75,"NA")>0,"Not Applicable",IF(COUNTIF(Checklist!J71:'Checklist'!J75,"Y")>0,"Approved","Not Approved")) -> Not Approved
B25: Profile Cloning | C25: =IF(COUNTIF(Checklist!J76:'Checklist'!J77,"NA")>0,"Not Applicable",IF(COUNTIF(Checklist!J76:'Checklist'!J77,"Y")>0,"Approved","Not Approved")) -> Not Approved
A26: Authorization | B26: User Access and Privilege management | C26: =IF(COUNTIF(Checklist!J79:'Checklist'!J82,"NA")>0,"Not Applicable",IF(COUNTIF(Checklist!J79:'Checklist'!J82,"Y")>0,"Approved","Not Approved")) -> Not Approved
B27: Grant of access to systems and business applications | C27: =IF(COUNTIF(Checklist!J83:'Checklist'!J84,"NA")>0,"Not Applicable",IF(COUNTIF(Checklist!J83:'Checklist'!J84,"Y")>0,"Approved","Not Approved")) -> Not Approved
B28: Non Predictable Session Identifier or tokens | C28: =IF(COUNTIF(Checklist!J85:'Checklist'!J86,"NA")>0,"Not Applicable",IF(COUNTIF(Checklist!J85:'Checklist'!J86,"Y")>0,"Approved","Not Approved")) -> Not Approved
B29: Session or token time-out | C29: =IF(COUNTIF(Checklist!J87:'Checklist'!J89,"NA")>0,"Not Applicable",IF(COUNTIF(Checklist!J87:'Checklist'!J89,"Y")>0,"Approved","Not Approved")) -> Not Approved
B30: Restricted File access | C30: =IF(COUNTIF(Checklist!J90:'Checklist'!J92,"NA")>0,"Not Applicable",IF(COUNTIF(Checklist!J90:'Checklist'!J92,"Y")>0,"Approved","Not Approved")) -> Not Approved
B31: Path traversal | C31: =IF(COUNTIF(Checklist!J93:'Checklist'!J95,"NA")>0,"Not Applicable",IF(COUNTIF(Checklist!J93:'Checklist'!J95,"Y")>0,"Approved","Not Approved")) -> Not Approved
B32: Horizontal privilege escalation | C32: =IF(COUNTIF(Checklist!J96:'Checklist'!J97,"NA")>0,"Not Applicable",IF(COUNTIF(Checklist!J96:'Checklist'!J97,"Y")>0,"Approved","Not Approved")) -> Not Approved
B33: Vertical privilege escalation | C33: =IF(COUNTIF(Checklist!J98:'Checklist'!J99,"NA")>0,"Not Applicable",IF(COUNTIF(Checklist!J98:'Checklist'!J99,"Y")>0,"Approved","Not Approved")) -> Not Approved
B34: Session Identifier/token storage | C34: =IF(COUNTIF(Checklist!J100:'Checklist'!J104,"NA")>0,"Not Applicable",IF(COUNTIF(Checklist!J100:'Checklist'!J104,"Y")>0,"Approved","Not Approved")) -> Not Approved
B35: Cookie Attributes | C35: =IF(COUNTIF(Checklist!J105:'Checklist'!J107,"NA")>0,"Not Applicable",IF(COUNTIF(Checklist!J105:'Checklist'!J107,"Y")>0,"Approved","Not Approved")) -> Not Approved
B36: Session Fixation | C36: =IF(COUNTIF(Checklist!J108:'Checklist'!J109,"NA")>0,"Not Applicable",IF(COUNTIF(Checklist!J108:'Checklist'!J109,"Y")>0,"Approved","Not Approved")) -> Not Approved
A37: Confidentiality | B37: Electronic messaging | C37: =IF(COUNTIF(Checklist!J111:'Checklist'!J113,"NA")>0,"Not Applicable",IF(COUNTIF(Checklist!J111:'Checklist'!J113,"Y")>0,"Approved","Not Approved")) -> Not Approved
B38: Access Control to code - Program source code | C38: =IF(COUNTIF(Checklist!J114:'Checklist'!J116,"NA")>0,"Not Applicable",IF(COUNTIF(Checklist!J114:'Checklist'!J116,"Y")>0,"Approved","Not Approved")) -> Not Approved
B39: Access Control to data - Sensitive data - Processing and storage data | C39: =IF(COUNTIF(Checklist!J117:'Checklist'!J117,"NA")>0,"Not Applicable",IF(COUNTIF(Checklist!J117:'Checklist'!J117,"Y")>0,"Approved","Not Approved")) -> Not Approved
B40: Data security in transit | C40: =IF(COUNTIF(Checklist!J118:'Checklist'!J119,"NA")>0,"Not Applicable",IF(COUNTIF(Checklist!J118:'Checklist'!J119,"Y")>0,"Approved","Not Approved")) -> Not Approved
B41: Data security in storage | C41: =IF(COUNTIF(Checklist!J120:'Checklist'!J121,"NA")>0,"Not Applicable",IF(COUNTIF(Checklist!J120:'Checklist'!J121,"Y")>0,"Approved","Not Approved")) -> Not Approved
B42: Key Management | C42: =IF(COUNTIF(Checklist!J1122:'Checklist'!J75,"NA")>0,"Not Applicable",IF(COUNTIF(Checklist!J122:'Checklist'!J124,"Y")>0,"Approved","Not Approved")) -> Not Approved
B43: Sensitive data disclosure | C43: =IF(COUNTIF(Checklist!J125:'Checklist'!J127,"NA")>0,"Not Applicable",IF(COUNTIF(Checklist!J125:'Checklist'!J127,"Y")>0,"Approved","Not Approved")) -> Not Approved
A44: Accountability | B44: Audit logging | C44: =IF(Checklist!J129="Y","Approved",IF(Checklist!J129="NA","Not Applicable","Not Approved")) -> Not Approved
B45: Monitoring system use | C45: =IF(COUNTIF(Checklist!J130:'Checklist'!J134,"NA")>0,"Not Applicable",IF(COUNTIF(Checklist!J130:'Checklist'!J134,"Y")>0,"Approved","Not Approved")) -> Not Approved
B46: Protection of log information | C46: =IF(COUNTIF(Checklist!J135:'Checklist'!J137,"NA")>0,"Not Applicable",IF(COUNTIF(Checklist!J135:'Checklist'!J137,"Y")>0,"Approved","Not Approved")) -> Not Approved
B47: Administrator and operator logs | C47: =IF(COUNTIF(Checklist!J138:'Checklist'!J139,"NA")>0,"Not Applicable",IF(COUNTIF(Checklist!J138:'Checklist'!J139,"Y")>0,"Approved","Not Approved")) -> Not Approved
B48: Fault logging | C48: =IF(COUNTIF(Checklist!J140:'Checklist'!J143,"NA")>0,"Not Applicable",IF(COUNTIF(Checklist!J140:'Checklist'!J143,"Y")>0,"Approved","Not Approved")) -> Not Approved
B49: Audit trail storage | C49: =IF(COUNTIF(Checklist!J144:'Checklist'!J147,"NA")>0,"Not Applicable",IF(COUNTIF(Checklist!J144:'Checklist'!J147,"Y")>0,"Approved","Not Approved")) -> Not Approved
B50: Traceability for critical events | C50: =IF(COUNTIF(Checklist!J148:'Checklist'!J149,"NA")>0,"Not Applicable",IF(COUNTIF(Checklist!J148:'Checklist'!J149,"Y")>0,"Approved","Not Approved")) -> Not Approved
B51: Log parsing & filtering | C51: =IF(COUNTIF(Checklist!J150:'Checklist'!J151,"NA")>0,"Not Applicable",IF(COUNTIF(Checklist!J150:'Checklist'!J151,"Y")>0,"Approved","Not Approved")) -> Not Approved
B52: Audit trail access permissions | C52: =IF(COUNTIF(Checklist!J152:'Checklist'!J153,"NA")>0,"Not Applicable",IF(COUNTIF(Checklist!J152:'Checklist'!J153,"Y")>0,"Approved","Not Approved")) -> Not Approved
A53: Integrity | B53: Data Correctness and Consistency (for Online transactions) | C53: =IF(COUNTIF(Checklist!J155:'Checklist'!J157,"NA")>0,"Not Applicable",IF(COUNTIF(Checklist!J155:'Checklist'!J157,"Y")>0,"Approved","Not Approved")) -> Not Approved
B54: Public information validation (for regulatory aspects) | C54: =IF(Checklist!J158="Y","Approved",IF(Checklist!J158="NA","Not Applicable","Not Approved")) -> Not Approved
B55: Input data validation | C55: =IF(COUNTIF(Checklist!J159:'Checklist'!J160,"NA")>0,"Not Applicable",IF(COUNTIF(Checklist!J159:'Checklist'!J160,"Y")>0,"Approved","Not Approved")) -> Not Approved
B56: Output data validation | C56: =IF(COUNTIF(Checklist!J161:'Checklist'!J162,"NA")>0,"Not Applicable",IF(COUNTIF(Checklist!J161:'Checklist'!J162,"Y")>0,"Approved","Not Approved")) -> Not Approved
B57: Browser security | C57: =IF(COUNTIF(Checklist!J163:'Checklist'!J164,"NA")>0,"Not Applicable",IF(COUNTIF(Checklist!J163:'Checklist'!J164,"Y")>0,"Approved","Not Approved")) -> Not Approved
B58: SSL/TLS | C58: =IF(COUNTIF(Checklist!J165:'Checklist'!J166,"NA")>0,"Not Applicable",IF(COUNTIF(Checklist!J165:'Checklist'!J166,"Y")>0,"Approved","Not Approved")) -> Not Approved
B59: SQL injection | C59: =IF(COUNTIF(Checklist!J167:'Checklist'!J169,"NA")>0,"Not Applicable",IF(COUNTIF(Checklist!J167:'Checklist'!J169,"Y")>0,"Approved","Not Approved")) -> Not Approved
B60: LDAP injection | C60: =IF(COUNTIF(Checklist!J170:'Checklist'!J173,"NA")>0,"Not Applicable",IF(COUNTIF(Checklist!J170:'Checklist'!J173,"Y")>0,"Approved","Not Approved")) -> Not Approved
B61: XML injection | C61: =IF(COUNTIF(Checklist!J174:'Checklist'!J176,"NA")>0,"Not Applicable",IF(COUNTIF(Checklist!J174:'Checklist'!J176,"Y")>0,"Approved","Not Approved")) -> Not Approved
B62: XPath injection | C62: =IF(Checklist!J177="Y","Approved",IF(Checklist!J177="NA","Not Applicable","Not Approved")) -> Not Approved
B63: Code execution | C63: =IF(COUNTIF(Checklist!J178:'Checklist'!J180,"NA")>0,"Not Applicable",IF(COUNTIF(Checklist!J178:'Checklist'!J180,"Y")>0,"Approved","Not Approved")) -> Not Approved
B64: File processing | C64: =IF(COUNTIF(Checklist!J181:'Checklist'!J183,"NA")>0,"Not Applicable",IF(COUNTIF(Checklist!J181:'Checklist'!J183,"Y")>0,"Approved","Not Approved")) -> Not Approved
B65: Email functionality | C65: =IF(COUNTIF(Checklist!J184:'Checklist'!J186,"NA")>0,"Not Applicable",IF(COUNTIF(Checklist!J184:'Checklist'!J186,"Y")>0,"Approved","Not Approved")) -> Not Approved
B66: Stack and Heap overflow | C66: =IF(COUNTIF(Checklist!J187:'Checklist'!J188,"NA")>0,"Not Applicable",IF(COUNTIF(Checklist!J187:'Checklist'!J188,"Y")>0,"Approved","Not Approved")) -> Not Approved
B67: Integer overflow | C67: =IF(COUNTIF(Checklist!J189:'Checklist'!J189,"NA")>0,"Not Applicable",IF(COUNTIF(Checklist!J189:'Checklist'!J189,"Y")>0,"Approved","Not Approved")) -> Not Approved
A68: Non repudiation | B68: Utilization of Digital Signature | C68: =IF(COUNTIF(Checklist!J191:'Checklist'!J193,"NA")>0,"Not Applicable",IF(COUNTIF(Checklist!J191:'Checklist'!J193,"Y")>0,"Approved","Not Approved")) -> Not Approved
A69: Availability | B69: Computational and storage resource exhaust | C69: =IF(COUNTIF(Checklist!J195:'Checklist'!J196,"NA")>0,"Not Applicable",IF(COUNTIF(Checklist!J195:'Checklist'!J196,"Y")>0,"Approved","Not Approved")) -> Not Approved
B70: Race condition | C70: =IF(COUNTIF(Checklist!J197:'Checklist'!J199,"NA")>0,"Not Applicable",IF(COUNTIF(Checklist!J197:'Checklist'!J199,"Y")>0,"Approved","Not Approved")) -> Not Approved
